{
  "total_requests": 6,
  "successful_requests": 6,
  "failed_requests": 0,
  "success_rate": 1.0,
  "avg_response_time": 12.388469616572062,
  "min_response_time": 4.8277747631073,
  "max_response_time": 19.39916706085205,
  "median_response_time": 12.936765670776367,
  "p95_response_time": 19.39916706085205,
  "p99_response_time": 19.39916706085205,
  "requests_per_second": 0.0933267747423901,
  "error_breakdown": {}
}