{
  "total_requests": 5,
  "successful_requests": 5,
  "failed_requests": 0,
  "success_rate": 1.0,
  "avg_response_time": 12.27166109085083,
  "min_response_time": 7.030183792114258,
  "max_response_time": 15.096879959106445,
  "median_response_time": 12.887524604797363,
  "p95_response_time": 15.096879959106445,
  "p99_response_time": 15.096879959106445,
  "requests_per_second": 0.1072173647871627,
  "error_breakdown": {}
}