{
  "total_requests": 50,
  "successful_requests": 50,
  "failed_requests": 0,
  "success_rate": 1.0,
  "avg_response_time": 0.014046998023986816,
  "min_response_time": 0.0030050277709960938,
  "max_response_time": 0.026618003845214844,
  "median_response_time": 0.018538832664489746,
  "p95_response_time": 0.02610492706298828,
  "p99_response_time": 0.026618003845214844,
  "requests_per_second": 5.081378789450936,
  "error_breakdown": {}
}