{
  "total_requests": 100,
  "successful_requests": 100,
  "failed_requests": 0,
  "success_rate": 1.0,
  "avg_response_time": 8.81195528268814,
  "min_response_time": 3.4705970287323,
  "max_response_time": 16.28698706626892,
  "median_response_time": 8.234814286231995,
  "p95_response_time": 15.019143104553223,
  "p99_response_time": 16.28698706626892,
  "requests_per_second": 0.11475377960851776,
  "error_breakdown": {},
  "total_time": 881.2095859050751,
  "iterations": 100
}