{
  "round_robin": {
    "algorithm": "round_robin",
    "health": {
      "success_rate": 1.0,
      "stats": {
        "avg": 0.01142040491104126,
        "min": 0.004476070404052734,
        "max": 0.026907920837402344,
        "p95": 0.026907920837402344,
        "p99": 0.026907920837402344
      }
    },
    "classification": {
      "success_rate": 1.0,
      "stats": {
        "avg": 10.42388837814331,
        "min": 3.335460901260376,
        "max": 26.254851579666138,
        "p95": 19.12693214416504,
        "p99": 26.254851579666138
      },
      "iterations": 50
    }
  },
  "ip_hash": {
    "algorithm": "ip_hash",
    "health": {
      "success_rate": 1.0,
      "stats": {
        "avg": 0.011666214466094971,
        "min": 0.0038909912109375,
        "max": 0.026188373565673828,
        "p95": 0.026188373565673828,
        "p99": 0.026188373565673828
      }
    },
    "classification": {
      "success_rate": 1.0,
      "stats": {
        "avg": 10.465260047912597,
        "min": 2.6296744346618652,
        "max": 21.539439916610718,
        "p95": 21.20941185951233,
        "p99": 21.539439916610718
      },
      "iterations": 50
    }
  }
}