{
  "total_requests": 50,
  "successful_requests": 50,
  "failed_requests": 0,
  "success_rate": 1.0,
  "avg_response_time": 9.797560119628907,
  "min_response_time": 4.816420316696167,
  "max_response_time": 18.207221746444702,
  "median_response_time": 8.960529088973999,
  "p95_response_time": 17.19383668899536,
  "p99_response_time": 18.207221746444702,
  "requests_per_second": 0.10356529085583872,
  "error_breakdown": {},
  "total_time": 489.88655066490173,
  "iterations": 50
}