{
  "resnet18": {
    "model_name": "resnet18",
    "iterations": 30,
    "success_count": 30,
    "success_rate": 1.0,
    "avg_response_time": 9.954907806714376,
    "min_response_time": 5.325432777404785,
    "max_response_time": 17.839137315750122,
    "p95_response_time": 17.4828143119812,
    "p99_response_time": 17.839137315750122,
    "model_info_time": 0.010066747665405273,
    "model_info_success": true,
    "all_response_times": [
      6.869128704071045,
      13.937198162078857,
      7.9688239097595215,
      6.330232381820679,
      13.225225448608398,
      11.081601619720459,
      6.634632587432861,
      17.839137315750122,
      10.569411277770996,
      7.951960325241089,
      12.309644222259521,
      7.97448992729187,
      6.244825124740601,
      14.048068523406982,
      6.656890153884888,
      7.336979389190674,
      11.723040103912354,
      17.4828143119812,
      7.0556793212890625,
      7.109121322631836,
      8.372891902923584,
      5.427008628845215,
      9.909103393554688,
      11.018094062805176,
      9.212035179138184,
      8.410244226455688,
      15.614836931228638,
      5.325432777404785,
      11.41137433052063,
      13.59730863571167
    ]
  },
  "resnet50": {
    "model_name": "resnet50",
    "iterations": 30,
    "success_count": 30,
    "success_rate": 1.0,
    "avg_response_time": 7.411228632926941,
    "min_response_time": 2.328270435333252,
    "max_response_time": 18.848042726516724,
    "p95_response_time": 17.843229055404663,
    "p99_response_time": 18.848042726516724,
    "model_info_time": 0.02929091453552246,
    "model_info_success": true,
    "all_response_times": [
      17.843229055404663,
      8.263049840927124,
      2.328270435333252,
      18.848042726516724,
      3.1226065158843994,
      13.85920262336731,
      3.8486251831054688,
      12.521666765213013,
      3.401988983154297,
      10.179826259613037,
      3.13742733001709,
      12.624323844909668,
      2.9032161235809326,
      5.464197874069214,
      3.229379177093506,
      8.507105350494385,
      3.138890027999878,
      7.492371320724487,
      3.60235595703125,
      14.603515625,
      2.444293260574341,
      10.108296394348145,
      3.501274347305298,
      9.471301794052124,
      2.8433749675750732,
      9.524746656417847,
      3.0421934127807617,
      8.036053657531738,
      3.628225564956665,
      10.817807912826538
    ]
  },
  "efficientnet_b0": {
    "model_name": "efficientnet_b0",
    "iterations": 30,
    "success_count": 30,
    "success_rate": 1.0,
    "avg_response_time": 7.772283418973287,
    "min_response_time": 1.98408842086792,
    "max_response_time": 18.61332392692566,
    "p95_response_time": 17.62607717514038,
    "p99_response_time": 18.61332392692566,
    "model_info_time": 0.007013797760009766,
    "model_info_success": true,
    "all_response_times": [
      4.3165342807769775,
      1.98408842086792,
      3.3143253326416016,
      9.491587162017822,
      3.1376967430114746,
      12.512892007827759,
      2.708432674407959,
      18.61332392692566,
      10.111597776412964,
      2.7152490615844727,
      17.62607717514038,
      2.4413833618164062,
      8.061874151229858,
      12.113132238388062,
      3.437959671020508,
      9.422134160995483,
      3.111250162124634,
      8.456960916519165,
      2.8313159942626953,
      14.741004705429077,
      11.966588973999023,
      2.8351686000823975,
      13.545514106750488,
      2.137516975402832,
      5.443341970443726,
      12.218181133270264,
      14.265093088150024,
      4.778780698776245,
      3.119407892227173,
      11.710089206695557
    ]
  }
}