{
  "resnet18": {
    "model_name": "resnet18",
    "iterations": 30,
    "success_count": 30,
    "success_rate": 1.0,
    "avg_response_time": 8.039311170578003,
    "min_response_time": 1.938560962677002,
    "max_response_time": 20.4190411567688,
    "p95_response_time": 17.631876945495605,
    "p99_response_time": 20.4190411567688,
    "model_info_time": 0.011101722717285156,
    "model_info_success": true,
    "all_response_times": [
      2.253831148147583,
      3.3826448917388916,
      5.157220363616943,
      16.347939014434814,
      2.440392255783081,
      13.452882289886475,
      2.6293299198150635,
      15.152449131011963,
      2.73602032661438,
      5.933977127075195,
      2.3283493518829346,
      17.631876945495605,
      1.938560962677002,
      7.640629529953003,
      3.129457473754883,
      15.822288274765015,
      2.4431328773498535,
      7.350643157958984,
      5.798559904098511,
      2.931978225708008,
      8.218017578125,
      12.018403053283691,
      13.100362062454224,
      15.857821941375732,
      2.81001877784729,
      20.4190411567688,
      4.048605918884277,
      9.938768863677979,
      2.230255365371704,
      16.035877227783203
    ]
  },
  "resnet50": {
    "model_name": "resnet50",
    "iterations": 30,
    "success_count": 30,
    "success_rate": 1.0,
    "avg_response_time": 7.281348856290181,
    "min_response_time": 2.340078592300415,
    "max_response_time": 17.034603595733643,
    "p95_response_time": 15.684935331344604,
    "p99_response_time": 17.034603595733643,
    "model_info_time": 0.013765096664428711,
    "model_info_success": true,
    "all_response_times": [
      10.067640542984009,
      10.243046760559082,
      2.737227201461792,
      9.664575338363647,
      3.3960776329040527,
      3.2284276485443115,
      7.302905797958374,
      3.1408679485321045,
      10.399518728256226,
      2.710583448410034,
      15.599891185760498,
      2.4407474994659424,
      13.4694082736969,
      2.8286139965057373,
      17.034603595733643,
      2.341104507446289,
      3.5650060176849365,
      3.906817674636841,
      12.807443380355835,
      3.143930196762085,
      9.008347272872925,
      3.6012051105499268,
      10.776266813278198,
      2.54178524017334,
      11.641356706619263,
      3.3031766414642334,
      15.684935331344604,
      2.340078592300415,
      12.493419408798218,
      7.021457195281982
    ]
  },
  "efficientnet_b0": {
    "model_name": "efficientnet_b0",
    "iterations": 30,
    "success_count": 30,
    "success_rate": 1.0,
    "avg_response_time": 11.488472851117452,
    "min_response_time": 4.6508629322052,
    "max_response_time": 27.63823699951172,
    "p95_response_time": 23.941216945648193,
    "p99_response_time": 27.63823699951172,
    "model_info_time": 0.028020381927490234,
    "model_info_success": true,
    "all_response_times": [
      17.59996724128723,
      7.117952585220337,
      13.73102879524231,
      11.29392409324646,
      6.128034830093384,
      14.950100183486938,
      9.882511615753174,
      6.835536479949951,
      11.223912954330444,
      9.703843355178833,
      6.721827507019043,
      12.323741436004639,
      13.797254085540771,
      7.040509939193726,
      8.41275143623352,
      27.63823699951172,
      4.957589387893677,
      6.7911529541015625,
      23.941216945648193,
      7.9281370639801025,
      23.536442041397095,
      8.792757749557495,
      6.429084539413452,
      13.431726932525635,
      13.891817331314087,
      5.642358303070068,
      17.741464853286743,
      13.898042917251587,
      4.6508629322052,
      8.620398044586182
    ]
  }
}