{
  "total_requests": 70,
  "successful_requests": 65,
  "failed_requests": 5,
  "success_rate": 0.9285714285714286,
  "avg_response_time": 9.556068068284254,
  "min_response_time": 2.5079147815704346,
  "max_response_time": 29.196610689163208,
  "median_response_time": 6.196345567703247,
  "p95_response_time": 24.337385654449463,
  "p99_response_time": 29.196610689163208,
  "requests_per_second": 0.35318713242806027,
  "error_breakdown": {
    "HTTPConnectionPool(host='localhost', port=80): Read timed out. (read timeout=30)": 5
  }
}